[
  {"q": "Ibukota Indonesia?", "a": "jakarta"},
  {"q": "Presiden pertama Indonesia?", "a": "soekarno"},
  {"q": "Presiden kedua Indonesia?", "a": "soeharto"},
  {"q": "Presiden ketiga Indonesia?", "a": "habibie"},
  {"q": "Gunung tertinggi di Indonesia?", "a": "puncak jaya"},
  {"q": "Pulau terbesar di Indonesia?", "a": "kalimantan"},
  {"q": "Sungai terpanjang di Indonesia?", "a": "kapuas"},
  {"q": "Danau terbesar di Indonesia?", "a": "toba"},
  {"q": "Jumlah provinsi di Indonesia?", "a": "38"},
  {"q": "Mata uang Indonesia?", "a": "rupiah"},
  {"q": "Hari kemerdekaan Indonesia?", "a": "17 agustus"},
  {"q": "Tahun kemerdekaan Indonesia?", "a": "1945"},
  {"q": "Lambang negara Indonesia?", "a": "garuda"},
  {"q": "Semboyan negara Indonesia?", "a": "bhinneka tunggal ika"},
  {"q": "Lagu kebangsaan Indonesia?", "a": "indonesia raya"},
  {"q": "Planet terbesar di tata surya?", "a": "jupiter"},
  {"q": "Planet terdekat dengan matahari?", "a": "merkurius"},
  {"q": "Planet merah?", "a": "mars"},
  {"q": "Satelit alami bumi?", "a": "bulan"},
  {"q": "Pusat tata surya?", "a": "matahari"},
  {"q": "Jumlah planet di tata surya?", "a": "8"},
  {"q": "Planet dengan cincin terkenal?", "a": "saturnus"},
  {"q": "Planet terkecil di tata surya?", "a": "merkurius"},
  {"q": "Planet yang memiliki bulan terbanyak?", "a": "saturnus"},
  {"q": "Galaksi tempat bumi berada?", "a": "bima sakti"},
  {"q": "Hewan tercepat di darat?", "a": "cheetah"},
  {"q": "Hewan terbesar di dunia?", "a": "paus biru"},
  {"q": "Hewan tertinggi di dunia?", "a": "jerapah"},
  {"q": "Burung yang tidak bisa terbang dari Antartika?", "a": "penguin"},
  {"q": "Hewan berkantung dari Australia?", "a": "kanguru"},
  {"q": "Raja hutan?", "a": "singa"},
  {"q": "Hewan dengan leher panjang?", "a": "jerapah"},
  {"q": "Reptil terbesar di dunia?", "a": "buaya"},
  {"q": "Mamalia yang bisa terbang?", "a": "kelelawar"},
  {"q": "Ikan terbesar di dunia?", "a": "hiu paus"},
  {"q": "Gunung tertinggi di dunia?", "a": "everest"},
  {"q": "Sungai terpanjang di dunia?", "a": "nil"},
  {"q": "Samudra terbesar?", "a": "pasifik"},
  {"q": "Benua terluas?", "a": "asia"},
  {"q": "Benua terkecil?", "a": "australia"},
  {"q": "Negara terbesar di dunia?", "a": "rusia"},
  {"q": "Negara dengan penduduk terbanyak?", "a": "india"},
  {"q": "Ibukota Jepang?", "a": "tokyo"},
  {"q": "Ibukota Inggris?", "a": "london"},
  {"q": "Ibukota Prancis?", "a": "paris"},
  {"q": "Ibukota Amerika Serikat?", "a": "washington dc"},
  {"q": "Ibukota Australia?", "a": "canberra"},
  {"q": "Ibukota Mesir?", "a": "kairo"},
  {"q": "Ibukota Thailand?", "a": "bangkok"},
  {"q": "Ibukota Korea Selatan?", "a": "seoul"},
  {"q": "1 + 1 = ?", "a": "2"},
  {"q": "5 x 5 = ?", "a": "25"},
  {"q": "100 / 4 = ?", "a": "25"},
  {"q": "12 x 12 = ?", "a": "144"},
  {"q": "Akar kuadrat dari 81?", "a": "9"},
  {"q": "7 x 8 = ?", "a": "56"},
  {"q": "15 + 27 = ?", "a": "42"},
  {"q": "99 - 45 = ?", "a": "54"},
  {"q": "1000 / 25 = ?", "a": "40"},
  {"q": "3 pangkat 4 = ?", "a": "81"},
  {"q": "Simbol kimia air?", "a": "h2o"},
  {"q": "Simbol kimia emas?", "a": "au"},
  {"q": "Simbol kimia besi?", "a": "fe"},
  {"q": "Simbol kimia oksigen?", "a": "o"},
  {"q": "Simbol kimia karbon?", "a": "c"},
  {"q": "Simbol kimia natrium?", "a": "na"},
  {"q": "Simbol kimia perak?", "a": "ag"},
  {"q": "Simbol kimia tembaga?", "a": "cu"},
  {"q": "Unsur dengan nomor atom 1?", "a": "hidrogen"},
  {"q": "Gas yang kita hirup?", "a": "oksigen"},
  {"q": "Organ terbesar manusia?", "a": "kulit"},
  {"q": "Tulang terpanjang manusia?", "a": "tulang paha"},
  {"q": "Jumlah tulang manusia dewasa?", "a": "206"},
  {"q": "Jumlah gigi manusia dewasa?", "a": "32"},
  {"q": "Organ yang memompa darah?", "a": "jantung"},
  {"q": "Organ pencernaan terpanjang?", "a": "usus halus"},
  {"q": "Jumlah kromosom manusia?", "a": "46"},
  {"q": "Sel darah yang melawan infeksi?", "a": "sel darah putih"},
  {"q": "Hormon yang mengatur gula darah?", "a": "insulin"},
  {"q": "Vitamin dari sinar matahari?", "a": "vitamin d"},
  {"q": "Pelukis Mona Lisa?", "a": "leonardo da vinci"},
  {"q": "Penemu telepon?", "a": "alexander graham bell"},
  {"q": "Penemu bola lampu?", "a": "thomas edison"},
  {"q": "Penemu internet?", "a": "tim berners lee"},
  {"q": "Penemu gravitasi?", "a": "isaac newton"},
  {"q": "Penemu relativitas?", "a": "albert einstein"},
  {"q": "Penemu radio?", "a": "guglielmo marconi"},
  {"q": "Penemu pesawat terbang?", "a": "wright bersaudara"},
  {"q": "Penemu mesin uap?", "a": "james watt"},
  {"q": "Penemu vaksin cacar?", "a": "edward jenner"},
  {"q": "Warna bendera Indonesia?", "a": "merah putih"},
  {"q": "Jumlah warna pelangi?", "a": "7"},
  {"q": "Warna primer?", "a": "merah kuning biru"},
  {"q": "Hasil campuran merah dan kuning?", "a": "oranye"},
  {"q": "Hasil campuran biru dan kuning?", "a": "hijau"},
  {"q": "Hasil campuran merah dan biru?", "a": "ungu"},
  {"q": "Warna daun pada umumnya?", "a": "hijau"},
  {"q": "Warna langit cerah?", "a": "biru"},
  {"q": "Warna matahari?", "a": "kuning"},
  {"q": "Warna salju?", "a": "putih"},
  {"q": "Tari Saman berasal dari?", "a": "aceh"},
  {"q": "Tari Kecak berasal dari?", "a": "bali"},
  {"q": "Tari Jaipong berasal dari?", "a": "jawa barat"},
  {"q": "Tari Piring berasal dari?", "a": "sumatera barat"},
  {"q": "Tari Pendet berasal dari?", "a": "bali"},
  {"q": "Batik berasal dari?", "a": "indonesia"},
  {"q": "Angklung berasal dari?", "a": "jawa barat"},
  {"q": "Gamelan berasal dari?", "a": "jawa"},
  {"q": "Wayang kulit berasal dari?", "a": "jawa"},
  {"q": "Sasando berasal dari?", "a": "nusa tenggara timur"},
  {"q": "Rendang berasal dari?", "a": "sumatera barat"},
  {"q": "Gudeg berasal dari?", "a": "yogyakarta"},
  {"q": "Pempek berasal dari?", "a": "palembang"},
  {"q": "Sate berasal dari?", "a": "indonesia"},
  {"q": "Nasi goreng berasal dari?", "a": "indonesia"},
  {"q": "Bakso berasal dari?", "a": "indonesia"},
  {"q": "Gado-gado berasal dari?", "a": "indonesia"},
  {"q": "Soto berasal dari?", "a": "indonesia"},
  {"q": "Rawon berasal dari?", "a": "jawa timur"},
  {"q": "Papeda berasal dari?", "a": "papua"},
  {"q": "Jumlah hari dalam seminggu?", "a": "7"},
  {"q": "Jumlah bulan dalam setahun?", "a": "12"},
  {"q": "Jumlah hari dalam setahun?", "a": "365"},
  {"q": "Jumlah jam dalam sehari?", "a": "24"},
  {"q": "Jumlah menit dalam satu jam?", "a": "60"},
  {"q": "Jumlah detik dalam satu menit?", "a": "60"},
  {"q": "Bulan dengan 28 hari?", "a": "februari"},
  {"q": "Tahun kabisat terjadi setiap?", "a": "4 tahun"},
  {"q": "Hari pertama dalam seminggu?", "a": "minggu"},
  {"q": "Bulan pertama dalam setahun?", "a": "januari"},
  {"q": "Pendiri Microsoft?", "a": "bill gates"},
  {"q": "Pendiri Apple?", "a": "steve jobs"},
  {"q": "Pendiri Facebook?", "a": "mark zuckerberg"},
  {"q": "Pendiri Amazon?", "a": "jeff bezos"},
  {"q": "Pendiri Tesla?", "a": "elon musk"},
  {"q": "CEO pertama Apple?", "a": "steve jobs"},
  {"q": "Sistem operasi dari Microsoft?", "a": "windows"},
  {"q": "Sistem operasi dari Apple?", "a": "macos"},
  {"q": "Mesin pencari terpopuler?", "a": "google"},
  {"q": "Aplikasi chat hijau?", "a": "whatsapp"},
  {"q": "Olahraga dengan 11 pemain per tim?", "a": "sepak bola"},
  {"q": "Olahraga dengan 5 pemain per tim?", "a": "basket"},
  {"q": "Olahraga dengan raket dan kok?", "a": "badminton"},
  {"q": "Olahraga di atas es dengan stik?", "a": "hoki"},
  {"q": "Olahraga berenang gaya kupu-kupu disebut?", "a": "butterfly"},
  {"q": "Jumlah pemain voli per tim?", "a": "6"},
  {"q": "Negara pemenang Piala Dunia 2022?", "a": "argentina"},
  {"q": "Pemain sepak bola dengan 5 Ballon d'Or?", "a": "messi"},
  {"q": "Olahraga tinju dalam bahasa Inggris?", "a": "boxing"},
  {"q": "Olahraga lari jarak jauh 42 km?", "a": "maraton"},
  {"q": "Film animasi tentang mainan hidup?", "a": "toy story"},
  {"q": "Film animasi tentang ikan badut?", "a": "finding nemo"},
  {"q": "Film animasi tentang singa di Afrika?", "a": "lion king"},
  {"q": "Film superhero dengan kostum laba-laba?", "a": "spiderman"},
  {"q": "Film superhero dengan baju besi?", "a": "iron man"},
  {"q": "Film fantasi tentang cincin?", "a": "lord of the rings"},
  {"q": "Film tentang kapal tenggelam?", "a": "titanic"},
  {"q": "Film tentang dinosaurus?", "a": "jurassic park"},
  {"q": "Film Harry Potter berlatar di sekolah?", "a": "hogwarts"},
  {"q": "Karakter tikus dari Disney?", "a": "mickey mouse"},
  {"q": "Nabi terakhir dalam Islam?", "a": "muhammad"},
  {"q": "Kitab suci umat Islam?", "a": "alquran"},
  {"q": "Kitab suci umat Kristen?", "a": "alkitab"},
  {"q": "Tempat ibadah umat Islam?", "a": "masjid"},
  {"q": "Tempat ibadah umat Kristen?", "a": "gereja"},
  {"q": "Tempat ibadah umat Hindu?", "a": "pura"},
  {"q": "Tempat ibadah umat Buddha?", "a": "vihara"},
  {"q": "Jumlah rukun Islam?", "a": "5"},
  {"q": "Jumlah rukun iman?", "a": "6"},
  {"q": "Bulan puasa umat Islam?", "a": "ramadhan"},
  {"q": "Buku karya R.A. Kartini?", "a": "habis gelap terbitlah terang"},
  {"q": "Penulis novel Laskar Pelangi?", "a": "andrea hirata"},
  {"q": "Penulis novel Harry Potter?", "a": "jk rowling"},
  {"q": "Penulis Romeo and Juliet?", "a": "shakespeare"},
  {"q": "Tokoh fiksi detektif terkenal?", "a": "sherlock holmes"},
  {"q": "Judul novel tentang hukuman mati karya Albert Camus?", "a": "the stranger"},
  {"q": "Novel klasik tentang paus putih?", "a": "moby dick"},
  {"q": "Novel tentang revolusi hewan?", "a": "animal farm"},
  {"q": "Penulis novel 1984?", "a": "george orwell"},
  {"q": "Novel Indonesia tentang laskar?", "a": "laskar pelangi"},
  {"q": "Jenis musik dari Jamaika?", "a": "reggae"},
  {"q": "Alat musik petik 6 senar?", "a": "gitar"},
  {"q": "Alat musik tiup dari bambu?", "a": "suling"},
  {"q": "Alat musik pukul dari kayu?", "a": "drum"},
  {"q": "Penyanyi solo dengan album Thriller?", "a": "michael jackson"},
  {"q": "Band rock dari Liverpool?", "a": "the beatles"},
  {"q": "Penyanyi dengan lagu Shape of You?", "a": "ed sheeran"},
  {"q": "Penyanyi dengan lagu Bad Guy?", "a": "billie eilish"},
  {"q": "Genre musik dari Korea?", "a": "kpop"},
  {"q": "Alat musik dengan 88 tuts?", "a": "piano"},
  {"q": "VOC singkatan dari?", "a": "vereenigde oostindische compagnie"},
  {"q": "Perang Dunia 2 berakhir tahun?", "a": "1945"},
  {"q": "Perang Dunia 1 dimulai tahun?", "a": "1914"},
  {"q": "Tembok Berlin runtuh tahun?", "a": "1989"},
  {"q": "Proklamasi Indonesia dibacakan oleh?", "a": "soekarno"},
  {"q": "Pahlawan dari Aceh dengan gelar Teuku?", "a": "teuku umar"},
  {"q": "Pahlawan wanita dari Aceh?", "a": "cut nyak dien"},
  {"q": "Lokasi penculikan proklamator?", "a": "rengasdengklok"},
  {"q": "Hotel tempat insiden perobekan bendera?", "a": "hotel yamato"},
  {"q": "Sisingamangaraja berasal dari suku?", "a": "batak"},
  {"q": "Ibukota Provinsi Jawa Barat?", "a": "bandung"},
  {"q": "Ibukota Provinsi Jawa Timur?", "a": "surabaya"},
  {"q": "Ibukota Provinsi Jawa Tengah?", "a": "semarang"},
  {"q": "Ibukota Provinsi Bali?", "a": "denpasar"},
  {"q": "Ibukota Provinsi Sumatera Utara?", "a": "medan"},
  {"q": "Ibukota Provinsi Sulawesi Selatan?", "a": "makassar"},
  {"q": "Ibukota Provinsi Kalimantan Timur?", "a": "samarinda"},
  {"q": "Ibukota Provinsi Papua?", "a": "jayapura"},
  {"q": "Ibukota Provinsi Yogyakarta?", "a": "yogyakarta"},
  {"q": "Ibukota Provinsi Aceh?", "a": "banda aceh"},
  {"q": "Julukan kota Bandung?", "a": "paris van java"},
  {"q": "Julukan kota Surabaya?", "a": "kota pahlawan"},
  {"q": "Julukan kota Yogyakarta?", "a": "kota pelajar"},
  {"q": "Julukan kota Malang?", "a": "kota apel"},
  {"q": "Julukan kota Solo?", "a": "kota batik"},
  {"q": "Julukan kota Semarang?", "a": "kota lumpia"},
  {"q": "Julukan kota Palembang?", "a": "kota pempek"},
  {"q": "Julukan kota Medan?", "a": "kota melayu deli"},
  {"q": "Julukan kota Makassar?", "a": "kota daeng"},
  {"q": "Julukan kota Denpasar?", "a": "kota dewata"},
  {"q": "Rumus luas persegi?", "a": "sisi kali sisi"},
  {"q": "Rumus keliling lingkaran?", "a": "2 pi r"},
  {"q": "Nilai pi?", "a": "3.14"},
  {"q": "Sudut dalam segitiga?", "a": "180 derajat"},
  {"q": "Bangun datar dengan 4 sisi sama?", "a": "persegi"},
  {"q": "Bangun ruang dengan 6 sisi?", "a": "kubus"},
  {"q": "Jumlah sisi pada segitiga?", "a": "3"},
  {"q": "Jumlah sudut pada segilima?", "a": "5"},
  {"q": "Garis yang membagi lingkaran jadi dua?", "a": "diameter"},
  {"q": "Setengah dari diameter?", "a": "jari jari"},
  {"q": "Bahasa resmi PBB ada berapa?", "a": "6"},
  {"q": "Markas besar PBB berada di kota?", "a": "new york"},
  {"q": "ASEAN didirikan tahun?", "a": "1967"},
  {"q": "Jumlah negara anggota ASEAN?", "a": "10"},
  {"q": "Mata uang Eropa?", "a": "euro"},
  {"q": "Mata uang Jepang?", "a": "yen"},
  {"q": "Mata uang Inggris?", "a": "poundsterling"},
  {"q": "Mata uang Amerika?", "a": "dolar"},
  {"q": "Mata uang China?", "a": "yuan"},
  {"q": "Mata uang Korea Selatan?", "a": "won"},
  {"q": "Awan yang menghasilkan hujan?", "a": "kumulonimbus"},
  {"q": "Skala untuk mengukur gempa?", "a": "richter"},
  {"q": "Lapisan atmosfer terdekat bumi?", "a": "troposfer"},
  {"q": "Lapisan yang melindungi dari UV?", "a": "ozon"},
  {"q": "Proses penguapan air?", "a": "evaporasi"},
  {"q": "Proses air hujan meresap ke tanah?", "a": "infiltrasi"},
  {"q": "Titik didih air dalam Celcius?", "a": "100"},
  {"q": "Titik beku air dalam Celcius?", "a": "0"},
  {"q": "Kecepatan cahaya per detik?", "a": "300000 km"},
  {"q": "Satuan untuk mengukur suhu?", "a": "celcius"},
  {"q": "Presiden ke-4 Indonesia?", "a": "abdurrahman wahid"},
  {"q": "Presiden ke-5 Indonesia?", "a": "megawati"},
  {"q": "Presiden ke-6 Indonesia?", "a": "susilo bambang yudhoyono"},
  {"q": "Presiden ke-7 Indonesia?", "a": "joko widodo"},
  {"q": "Presiden ke-8 Indonesia?", "a": "prabowo subianto"},
  {"q": "Wakil presiden pertama Indonesia?", "a": "mohammad hatta"},
  {"q": "Tokoh yang dikenal sebagai Bung Karno?", "a": "soekarno"},
  {"q": "Tokoh yang dikenal sebagai Bung Hatta?", "a": "mohammad hatta"},
  {"q": "Pahlawan revolusi yang gugur tahun 1965?", "a": "ahmad yani"},
  {"q": "Ibu dari presiden Soekarno?", "a": "ida ayu nyoman rai"},
  {"q": "Hewan nasional Indonesia?", "a": "komodo"},
  {"q": "Bunga nasional Indonesia?", "a": "melati"},
  {"q": "Pohon nasional Indonesia?", "a": "jati"},
  {"q": "Burung nasional Indonesia?", "a": "elang jawa"},
  {"q": "Ikan nasional Indonesia?", "a": "ikan siluk"},
  {"q": "Taman nasional tertua di Indonesia?", "a": "ujung kulon"},
  {"q": "Candi Buddha terbesar di dunia?", "a": "borobudur"},
  {"q": "Candi Hindu terbesar di Indonesia?", "a": "prambanan"},
  {"q": "Lokasi candi Borobudur?", "a": "magelang"},
  {"q": "Lokasi candi Prambanan?", "a": "yogyakarta"},
  {"q": "Hasil perkalian 9 x 9?", "a": "81"},
  {"q": "Hasil perkalian 11 x 11?", "a": "121"},
  {"q": "Hasil 50 + 50?", "a": "100"},
  {"q": "Hasil 200 - 75?", "a": "125"},
  {"q": "Hasil 8 x 7?", "a": "56"},
  {"q": "Hasil 144 / 12?", "a": "12"},
  {"q": "Hasil 25 x 4?", "a": "100"},
  {"q": "Akar kuadrat dari 144?", "a": "12"},
  {"q": "Akar kuadrat dari 169?", "a": "13"},
  {"q": "2 pangkat 10?", "a": "1024"}
]
